Date,Open,High,Low,Close,Adj Close
1993/1/29,43.96875,43.96875,43.75,43.9375,26.299288
1993/2/1,43.96875,44.25,43.96875,44.25,26.486324
1993/2/2,44.21875,44.375,44.125,44.34375,26.542448
1993/2/3,44.40625,44.84375,44.375,44.8125,26.822998
1993/2/4,44.96875,45.09375,44.46875,45,26.93524
1993/2/5,44.96875,45.0625,44.71875,44.96875,26.916538
1993/2/8,44.96875,45.125,44.90625,44.96875,26.916538
1993/2/9,44.8125,44.8125,44.5625,44.65625,26.72949
1993/2/10,44.65625,44.75,44.53125,44.71875,26.766899
1993/2/11,44.78125,45.125,44.78125,44.9375,26.897835
1993/2/12,44.875,44.875,44.59375,44.59375,26.692072
1993/2/16,44.46875,44.46875,43.40625,43.46875,26.0187
1993/2/17,43.46875,43.53125,43.28125,43.4375,25.999992
1993/2/18,43.9375,43.9375,42.8125,43.40625,25.981276
1993/2/19,43.40625,43.5625,43.34375,43.5625,26.074812
1993/2/22,43.6875,43.78125,43.5625,43.71875,26.168346
1993/2/23,43.84375,43.875,43.46875,43.6875,26.149637
1993/2/24,43.71875,44.25,43.71875,44.25,26.486324
1993/2/25,44.21875,44.375,44.125,44.34375,26.542448
1993/2/26,44.4375,44.4375,44.1875,44.40625,26.579865
1993/3/1,44.5625,44.5625,44.21875,44.28125,26.505026
1993/3/2,44.3125,44.9375,44.25,44.9375,26.897835
1993/3/3,45,45.15625,44.9375,45.125,27.010061
1993/3/4,45.1875,45.1875,44.875,44.875,26.860428
1993/3/5,44.9375,45.125,44.71875,44.75,26.785612
1993/3/8,44.84375,45.75,44.84375,45.75,27.384171
1993/3/9,45.65625,45.6875,45.5,45.59375,27.29064
1993/3/10,45.59375,45.6875,45.40625,45.6875,27.346737
1993/3/11,45.71875,45.84375,45.5,45.5625,27.271942
1993/3/12,45.1875,45.21875,44.8125,45.09375,26.991364
1993/3/15,45.0625,45.3125,45.0625,45.3125,27.122303
1993/3/16,45.3125,45.4375,45.3125,45.3125,27.122303
1993/3/17,45.25,45.25,44.96875,45.03125,26.953955
1993/3/18,45.21875,45.5,45.21875,45.3125,27.122303
1993/3/19,45.28125,45.28125,45.03125,45.03125,27.081253
1993/3/22,44.59375,44.875,44.5625,44.78125,26.930897
1993/3/23,44.90625,44.9375,44.8125,44.875,26.987293
1993/3/24,44.8125,45.0625,44.59375,44.875,26.987293
1993/3/25,44.90625,45.25,44.84375,45.15625,27.156414
1993/3/26,45.125,45.15625,44.875,44.90625,27.006079
1993/3/29,44.9375,45.3125,44.9375,45.09375,27.118855
1993/3/30,45.15625,45.21875,45.09375,45.21875,27.194014
1993/3/31,45.34375,45.46875,45.1875,45.1875,27.175211
1993/4/1,45.25,45.25,44.9375,45.03125,27.081253
1993/4/2,44.65625,44.65625,44.09375,44.09375,26.517452
1993/4/5,44.4375,44.4375,44.1875,44.3125,26.649002
1993/4/6,44.40625,44.40625,44.0625,44.1875,26.573824
1993/4/7,44.25,44.34375,44.15625,44.34375,26.667795
1993/4/8,44.53125,44.53125,44.09375,44.28125,26.630207
1993/4/12,44.71875,44.9375,44.65625,44.90625,27.006079
1993/4/13,44.875,45.15625,44.84375,45,27.062454
1993/4/14,45.03125,45.0625,44.90625,44.9375,27.024878
1993/4/15,44.90625,45.03125,44.75,44.9375,27.024878
1993/4/16,44.96875,45.03125,44.875,44.9375,27.024878
1993/4/19,44.9375,45.0625,44.71875,44.75,26.912119
1993/4/20,44.6875,44.75,44.25,44.53125,26.780556
1993/4/21,44.625,44.625,44.375,44.5,26.76178
1993/4/22,44.3125,44.6875,43.9375,43.9375,26.423485
1993/4/23,43.84375,43.96875,43.6875,43.75,26.310705
1993/4/26,43.78125,43.9375,43.28125,43.40625,26.103985
1993/4/27,43.34375,43.875,43.34375,43.875,26.385897
1993/4/28,43.8125,43.90625,43.71875,43.78125,26.329517
1993/4/29,43.875,43.96875,43.625,43.96875,26.442284
1993/4/30,44.125,44.28125,44.03125,44.03125,26.479858
1993/5/3,44.09375,44.3125,43.90625,44.3125,26.649002
1993/5/4,44.40625,44.625,44.34375,44.46875,26.742975
1993/5/5,44.46875,44.75,44.46875,44.59375,26.818151
1993/5/6,44.53125,44.5625,44.40625,44.4375,26.724173
1993/5/7,44.46875,44.46875,44.28125,44.34375,26.667795
1993/5/10,44.40625,44.6875,44.40625,44.4375,26.724173
1993/5/11,44.4375,44.625,44.3125,44.625,26.836931
1993/5/12,44.4375,44.59375,44.4375,44.5625,26.79936
1993/5/13,44.375,44.375,44,44.03125,26.479858
1993/5/14,44.03125,44.15625,43.96875,44,26.461075
1993/5/17,44.125,44.15625,43.9375,44.15625,26.555033
1993/5/18,44.1875,44.21875,43.96875,44.125,26.536251
1993/5/19,44.125,45.03125,43.84375,45.03125,27.081253
1993/5/20,45.03125,45.15625,44.9375,45.15625,27.156414
1993/5/21,45.1875,45.25,44.71875,44.75,26.912119
1993/5/24,44.84375,45.09375,44.84375,44.9375,27.024878
1993/5/25,45.125,45.125,45.03125,45.03125,27.081253
1993/5/26,45.15625,45.625,45.125,45.59375,27.419529
1993/5/27,45.65625,45.65625,45.375,45.4375,27.325569
1993/5/28,45.40625,45.40625,45,45.21875,27.194014
1993/6/1,45.375,45.8125,45.3125,45.65625,27.457119
1993/6/2,45.53125,45.75,45.34375,45.59375,27.419529
1993/6/3,45.5,45.5,45.34375,45.4375,27.325569
1993/6/4,45.3125,45.3125,45.09375,45.28125,27.231596
1993/6/7,45.375,45.375,45.125,45.125,27.137621
1993/6/8,45,45,44.71875,44.71875,26.893314
1993/6/9,44.875,45.0625,44.8125,44.875,26.987293
1993/6/10,44.84375,44.9375,44.75,44.90625,27.006079
1993/6/11,45.0625,45.15625,44.90625,45.09375,27.118855
1993/6/14,45.15625,45.1875,45.03125,45.03125,27.081253
1993/6/15,45.09375,45.125,44.9375,44.9375,27.024878
1993/6/16,44.9375,45.03125,44.8125,45.03125,27.081253
1993/6/17,45.125,45.1875,45.03125,45.1875,27.175211
1993/6/18,44.84375,44.84375,44.5,44.5,26.95145
1993/6/21,44.625,44.625,44.53125,44.59375,27.008213
1993/6/22,44.65625,44.65625,44.5625,44.625,27.027128
1993/6/23,44.625,44.625,44.21875,44.21875,26.781092
1993/6/24,44.34375,44.8125,44.34375,44.8125,27.140688
1993/6/25,44.78125,44.90625,44.75,44.78125,27.121758
1993/6/28,45,45.28125,44.9375,45.28125,27.424593
1993/6/29,45.21875,45.21875,45,45.0625,27.292105
1993/6/30,45.125,45.21875,45,45.0625,27.292105
1993/7/1,45.125,45.125,44.875,44.9375,27.2164
1993/7/2,44.78125,44.8125,44.53125,44.6875,27.064991
1993/7/6,44.625,44.75,44.15625,44.21875,26.781092
1993/7/7,44.1875,44.40625,44.1875,44.34375,26.856804
1993/7/8,44.375,44.9375,44.3125,44.84375,27.159624
1993/7/9,44.84375,44.96875,44.75,44.96875,27.235321
1993/7/12,44.90625,44.96875,44.84375,44.9375,27.2164
1993/7/13,44.96875,45.09375,44.65625,44.90625,27.19747
1993/7/14,44.9375,45.1875,44.90625,45.0625,27.292105
1993/7/15,45.03125,45.03125,44.78125,44.875,27.178558
1993/7/16,44.90625,44.9375,44.6875,44.75,27.102844
1993/7/19,44.75,44.75,44.59375,44.71875,27.08391
1993/7/20,44.6875,44.84375,44.46875,44.84375,27.159624
1993/7/21,44.78125,44.8125,44.65625,44.8125,27.140688
1993/7/22,44.75,44.8125,44.5,44.5,26.95145
1993/7/23,44.59375,44.71875,44.5625,44.71875,27.08391
1993/7/26,44.84375,45.0625,44.84375,44.96875,27.235321
1993/7/27,45,45.03125,44.78125,44.9375,27.2164
1993/7/28,44.84375,44.9375,44.78125,44.84375,27.159624
1993/7/29,44.9375,45.21875,44.875,45.09375,27.311049
1993/7/30,45.09375,45.09375,44.78125,44.84375,27.159624
1993/8/2,44.90625,45.125,44.90625,44.96875,27.235321
1993/8/3,45.0625,45.1875,44.84375,45,27.254253
1993/8/4,45,45.09375,44.875,45,27.254253
1993/8/5,45,45,44.84375,44.90625,27.19747
1993/8/6,45.03125,45.0625,44.90625,44.96875,27.235321
1993/8/9,45.09375,45.34375,45,45.21875,27.386745
1993/8/10,45.1875,45.21875,45.125,45.1875,27.367802
1993/8/11,45.15625,45.3125,45.15625,45.1875,27.367802
1993/8/12,45.3125,45.3125,44.90625,45.0625,27.292105
1993/8/13,45.09375,45.15625,45.09375,45.125,27.32995
1993/8/16,45.15625,45.5,45.15625,45.375,27.481369
1993/8/17,45.34375,45.53125,45.34375,45.53125,27.576014
1993/8/18,45.6875,45.875,45.65625,45.78125,27.727409
1993/8/19,45.8125,45.8125,45.71875,45.78125,27.727409
1993/8/20,45.6875,45.8125,45.65625,45.8125,27.746349
1993/8/23,45.625,45.75,45.625,45.71875,27.68955
1993/8/24,45.71875,46.21875,45.71875,46.21875,27.992378
1993/8/25,46.21875,46.4375,46.15625,46.25,28.011311
1993/8/26,46.28125,46.53125,46.09375,46.28125,28.030224
1993/8/27,46.15625,46.25,46.15625,46.25,28.011311
1993/8/30,46.28125,46.5,46.28125,46.4375,28.124884
1993/8/31,46.40625,46.5625,46.34375,46.5625,28.200592
1993/9/1,46.40625,46.59375,46.40625,46.5,28.162729
1993/9/2,46.53125,46.59375,46.3125,46.34375,28.0681
1993/9/3,46.3125,46.4375,46.25,46.375,28.087009
1993/9/7,46.375,46.4375,46,46.0625,27.897758
1993/9/8,46.0625,46.0625,45.59375,45.90625,27.803139
1993/9/9,45.71875,46.03125,45.71875,46,27.859911
1993/9/10,46.125,46.4375,46.0625,46.40625,28.105949
1993/9/13,46.5625,46.5625,46.4375,46.4375,28.124884
1993/9/14,46.3125,46.3125,46.09375,46.25,28.011311
1993/9/15,46.0625,46.40625,45.90625,46.375,28.087009
1993/9/16,46.3125,46.34375,46.15625,46.1875,27.973475
1993/9/17,45.875,45.90625,45.75,45.8125,27.91922
1993/9/20,45.875,45.96875,45.4375,45.4375,27.690691
1993/9/21,45.5,45.5625,44.8125,45.28125,27.595467
1993/9/22,45.4375,45.71875,45.375,45.65625,27.824009
1993/9/23,45.78125,45.9375,45.71875,45.90625,27.976372
1993/9/24,45.84375,45.875,45.71875,45.78125,27.90019
1993/9/27,46.125,46.28125,46.125,46.28125,28.204903
1993/9/28,46.3125,46.3125,46.15625,46.1875,28.147768
1993/9/29,46.1875,46.3125,45.96875,46.03125,28.052542
1993/9/30,46.03125,46.125,45.84375,45.9375,27.99539
1993/10/1,45.875,46.21875,45.8125,46.15625,28.128716
1993/10/4,46.21875,46.21875,46.09375,46.21875,28.166813
1993/10/5,46.3125,46.3125,46,46.15625,28.128716
1993/10/6,46.1875,46.375,46.125,46.125,28.109667
1993/10/7,46.1875,46.1875,45.96875,46,28.033489
1993/10/8,46.125,46.15625,45.71875,46.0625,28.071579
1993/10/11,46.15625,46.25,46.15625,46.15625,28.128716
1993/10/12,46.21875,46.25,46.1875,46.21875,28.166813
1993/10/13,46.25,46.25,46.15625,46.21875,28.166813
1993/10/14,46.40625,46.8125,46.28125,46.8125,28.528648
1993/10/15,47.03125,47.15625,46.90625,47.0625,28.681004
1993/10/18,47.03125,47.03125,46.875,46.9375,28.604834
1993/10/19,46.875,46.96875,46.59375,46.59375,28.395338
1993/10/20,46.75,46.75,46.5625,46.65625,28.433422
1993/10/21,46.6875,46.6875,46.53125,46.59375,28.395338
1993/10/22,46.65625,46.84375,46.375,46.375,28.262026
1993/10/25,46.40625,46.5625,46.28125,46.5,28.338192
1993/10/26,46.46875,46.5,46.3125,46.46875,28.319157
1993/10/27,46.40625,46.53125,46.40625,46.5,28.338192
1993/10/28,46.5625,46.96875,46.5625,46.84375,28.547701
1993/10/29,46.8125,46.875,46.78125,46.84375,28.547701
1993/11/1,46.78125,47,46.78125,46.96875,28.623861
1993/11/2,46.90625,47,46.65625,46.9375,28.604834
1993/11/3,46.90625,46.90625,46.125,46.34375,28.242989
1993/11/4,46.34375,46.34375,45.8125,45.84375,27.938265
1993/11/5,45.71875,46.0625,45.53125,46.0625,28.071579
1993/11/8,46.09375,46.25,45.96875,46.125,28.109667
1993/11/9,46.4375,46.46875,46.125,46.15625,28.128716
1993/11/10,46.15625,46.5,46.03125,46.5,28.338192
1993/11/11,46.5,46.625,46.34375,46.375,28.262026
1993/11/12,46.46875,46.75,46.4375,46.59375,28.395338
1993/11/15,46.6875,46.6875,46.4375,46.5625,28.376299
1993/11/16,46.65625,46.8125,46.46875,46.78125,28.509607
1993/11/17,46.8125,46.8125,46.40625,46.53125,28.357244
1993/11/18,46.46875,46.5625,46.28125,46.40625,28.281067
1993/11/19,46.25,46.375,46.21875,46.3125,28.223936
1993/11/22,46.1875,46.21875,45.875,46.03125,28.052542
1993/11/23,46.28125,46.3125,46.03125,46.28125,28.204903
1993/11/24,46.40625,46.5,46.34375,46.46875,28.319157
1993/11/26,46.59375,46.59375,46.46875,46.5,28.338192
1993/11/29,46.625,46.71875,46.3125,46.3125,28.223936
1993/11/30,46.28125,46.5625,46.25,46.34375,28.242989
1993/12/1,46.59375,46.625,46.40625,46.40625,28.281067
1993/12/2,46.5,46.5625,46.40625,46.53125,28.357244
1993/12/3,46.5,46.71875,46.5,46.71875,28.4715
1993/12/6,46.78125,46.9375,46.78125,46.875,28.566734
1993/12/7,46.875,46.90625,46.78125,46.84375,28.547701
1993/12/8,46.84375,46.84375,46.78125,46.84375,28.547701
1993/12/9,46.84375,46.90625,46.625,46.6875,28.452469
1993/12/10,46.71875,46.71875,46.5,46.59375,28.395338
1993/12/13,46.59375,46.875,46.53125,46.875,28.566734
1993/12/14,46.90625,46.90625,46.53125,46.53125,28.357244
1993/12/15,46.59375,46.625,46.46875,46.46875,28.319157
1993/12/16,46.65625,46.65625,46.5625,46.625,28.414354
1993/12/17,46.40625,46.59375,46.375,46.5625,28.570549
1993/12/20,46.53125,46.65625,46.5,46.625,28.608883
1993/12/21,46.5625,46.5625,46.40625,46.46875,28.513027
1993/12/22,46.59375,46.8125,46.5,46.78125,28.704771
1993/12/23,46.75,46.84375,46.6875,46.75,28.685579
1993/12/27,46.75,47,46.75,47,28.838985
1993/12/28,46.96875,47.125,46.9375,47.09375,28.896519
1993/12/29,47.125,47.15625,47,47.03125,28.85816
1993/12/30,47,47,46.75,46.84375,28.743099
1993/12/31,46.9375,47,46.5625,46.59375,28.589708
1994/1/3,46.59375,46.65625,46.40625,46.46875,28.513027
1994/1/4,46.53125,46.65625,46.46875,46.65625,28.628061
1994/1/5,46.71875,46.78125,46.53125,46.75,28.685579
1994/1/6,46.8125,46.84375,46.6875,46.75,28.685579
1994/1/7,46.84375,47.0625,46.71875,47.03125,28.85816
1994/1/10,47.09375,47.59375,46.96875,47.59375,29.203321
1994/1/11,47.5625,47.5625,47.34375,47.5,29.145796
1994/1/12,47.53125,47.53125,47.1875,47.34375,29.049919
1994/1/13,47.21875,47.3125,47.15625,47.21875,28.973202
1994/1/14,47.375,47.5,47.375,47.40625,29.088272
1994/1/17,47.40625,47.46875,47.3125,47.40625,29.088272
1994/1/18,47.46875,47.53125,47.375,47.46875,29.126585
1994/1/19,47.40625,47.46875,47.25,47.34375,29.049919
1994/1/20,47.40625,47.5,47.375,47.46875,29.126585
1994/1/21,47.53125,47.53125,47.34375,47.375,29.069094
1994/1/24,47.34375,47.5625,47.1875,47.1875,28.954042
1994/1/25,47.21875,47.25,47.09375,47.1875,28.954042
1994/1/26,47.1875,47.34375,47.125,47.3125,29.030733
1994/1/27,47.40625,47.8125,47.34375,47.75,29.299191
1994/1/28,47.9375,48.03125,47.875,47.875,29.375881
1994/1/31,48.0625,48.3125,48,48.21875,29.586815
1994/2/1,48.15625,48.15625,47.90625,47.96875,29.433405
1994/2/2,48.125,48.28125,48.09375,48.28125,29.625149
1994/2/3,48.1875,48.1875,47.90625,48.0625,29.490934
1994/2/4,48.0625,48.125,46.96875,46.96875,28.819815
1994/2/7,46.84375,47.3125,46.84375,47.1875,28.954042
1994/2/8,47.28125,47.28125,47.03125,47.21875,28.973202
1994/2/9,47.25,47.4375,47.1875,47.40625,29.088272
1994/2/10,47.375,47.40625,47,47,28.838985
1994/2/11,47.03125,47.28125,46.8125,47.15625,28.934862
1994/2/14,47.0625,47.375,47,47.21875,28.973202
1994/2/15,47.3125,47.5,47.25,47.46875,29.126585
1994/2/16,47.53125,47.53125,47.34375,47.4375,29.107433
1994/2/17,47.65625,47.6875,47.03125,47.15625,28.934862
1994/2/18,47.1875,47.21875,46.75,46.875,28.762299
1994/2/22,47,47.34375,47,47.34375,29.049919
1994/2/23,47.40625,47.4375,47.0625,47.21875,28.973202
1994/2/24,47.0625,47.0625,46.5625,46.59375,28.589708
1994/2/25,46.65625,46.8125,46.5625,46.8125,28.723936
1994/2/28,46.9375,47.0625,46.8125,46.8125,28.723936
1994/3/1,46.8125,46.90625,46.375,46.625,28.608883
1994/3/2,46.03125,46.6875,45.90625,46.6875,28.64723
1994/3/3,46.625,46.625,46.4375,46.5625,28.570549
1994/3/4,46.5625,46.8125,46.40625,46.6875,28.64723
1994/3/7,46.84375,47,46.84375,46.9375,28.800625
1994/3/8,46.96875,46.96875,46.6875,46.75,28.685579
1994/3/9,46.8125,47,46.59375,46.96875,28.819815
1994/3/10,46.9375,46.9375,46.4375,46.59375,28.589708
1994/3/11,46.65625,46.90625,46.40625,46.84375,28.743099
1994/3/14,47.03125,47.03125,46.84375,46.90625,28.781473
1994/3/15,47,47.09375,46.84375,46.875,28.762299
1994/3/16,46.9375,47.25,46.78125,47.25,28.992378
1994/3/17,47.09375,47.3125,47.09375,47.25,28.992378
1994/3/18,46.75,47.03125,46.71875,46.96875,28.986059
1994/3/21,46.8125,46.9375,46.71875,46.84375,28.908911
1994/3/22,46.84375,47.0625,46.75,46.96875,28.986059
1994/3/23,46.9375,47.0625,46.90625,46.9375,28.96678
1994/3/24,46.75,46.84375,46.15625,46.375,28.619629
1994/3/25,46.40625,46.53125,45.9375,45.9375,28.349644
1994/3/28,46,46.0625,45.59375,46,28.388208
1994/3/29,46,46.03125,45.09375,45.09375,27.828934
1994/3/30,45.125,45.25,44.46875,44.46875,27.44322
1994/3/31,44.46875,44.6875,43.53125,44.59375,27.520372
1994/4/4,43.34375,44.03125,43.34375,43.90625,27.096088
1994/4/5,44.34375,44.8125,44.34375,44.8125,27.655357
1994/4/6,44.875,44.90625,44.5,44.8125,27.655357
1994/4/7,44.78125,45.125,44.53125,45.03125,27.790356
1994/4/8,44.9375,44.9375,44.46875,44.6875,27.578234
1994/4/11,44.8125,45.0625,44.703125,44.875,27.693937
1994/4/12,44.921875,45,44.71875,44.8125,27.655357
1994/4/13,44.796875,44.90625,44.25,44.578125,27.510723
1994/4/14,44.5,44.828125,44.40625,44.59375,27.520372
1994/4/15,44.578125,44.78125,44.515625,44.59375,27.520372
1994/4/18,44.640625,44.765625,44.15625,44.296875,27.337147
1994/4/19,44.25,44.53125,43.984375,44.359375,27.375734
1994/4/20,44.40625,44.515625,44.078125,44.3125,27.346804
1994/4/21,44.5,44.96875,44.34375,44.90625,27.713223
1994/4/22,45.015625,45.046875,44.734375,44.859375,27.684288
1994/4/25,44.84375,45.359375,44.84375,45.328125,27.973581
1994/4/26,45.265625,45.34375,45.1875,45.28125,27.944651
1994/4/28,45.1875,45.25,44.8125,44.953125,27.742149
1994/4/29,44.875,45.15625,44.8125,45.09375,27.828934
1994/5/2,45.09375,45.71875,44.9375,45.375,28.002497
1994/5/3,45.390625,45.40625,45.0625,45.328125,27.973581
1994/5/4,45.421875,45.421875,45.078125,45.25,27.925362
1994/5/5,45.296875,45.375,45.1875,45.1875,27.886799
1994/5/6,44.96875,44.96875,44.59375,44.75,27.616806
1994/5/9,44.625,44.75,44.28125,44.359375,27.375734
1994/5/10,44.578125,44.84375,44.546875,44.703125,27.587868
1994/5/11,44.65625,44.71875,44.171875,44.296875,27.337147
1994/5/12,44.578125,44.625,44.40625,44.515625,27.472164
1994/5/13,44.640625,44.640625,44.296875,44.515625,27.472164
1994/5/16,44.609375,44.75,44.515625,44.53125,27.481785
1994/5/17,44.5625,45.1875,44.5,45.1875,27.886799
1994/5/18,45.21875,45.6875,45.015625,45.515625,28.089298
1994/5/19,45.421875,45.859375,45.421875,45.734375,28.224293
1994/5/20,45.65625,45.6875,45.5,45.5625,28.118214
1994/5/23,45.515625,45.53125,45.34375,45.484375,28.070004
1994/5/24,45.609375,45.84375,45.609375,45.671875,28.185707
1994/5/25,45.5,45.828125,45.34375,45.796875,28.26284
1994/5/26,45.78125,45.9375,45.734375,45.828125,28.28215
1994/5/27,45.75,45.875,45.671875,45.875,28.311081
1994/5/31,45.734375,45.90625,45.65625,45.8125,28.27249
1994/6/1,45.703125,46.015625,45.5625,46.015625,28.397863
1994/6/2,46.046875,46.046875,45.890625,45.96875,28.368929
1994/6/3,46,46.390625,45.859375,46.234375,28.532858
1994/6/6,46.328125,46.46875,46.1875,46.21875,28.523203
1994/6/7,46.140625,46.21875,46.03125,46.15625,28.484642
1994/6/8,46.265625,46.265625,45.78125,45.78125,28.253216
1994/6/9,45.984375,46.03125,45.890625,46.03125,28.407507
1994/6/10,46.078125,46.203125,46.078125,46.109375,28.455723
1994/6/13,46.046875,46.1875,46.03125,46.171875,28.494284
1994/6/14,46.3125,46.546875,46.3125,46.53125,28.716059
1994/6/15,46.546875,46.5625,46.3125,46.34375,28.600357
1994/6/16,46.34375,46.46875,46.296875,46.4375,28.658209
1994/6/17,46.15625,46.203125,45.8125,45.875,28.498253
1994/6/20,45.546875,45.625,45.4375,45.484375,28.255585
1994/6/21,45.453125,45.453125,44.90625,45.09375,28.012924
1994/6/22,45.21875,45.421875,45.171875,45.265625,28.119699
1994/6/23,45.34375,45.40625,44.9375,45,27.954681
1994/6/24,44.78125,44.78125,44,44.0625,27.37229
1994/6/27,44.234375,44.828125,44.015625,44.828125,27.847918
1994/6/28,44.84375,44.84375,44.25,44.609375,27.712029
1994/6/29,44.671875,45.015625,44.625,44.75,27.799395
1994/6/30,44.828125,44.84375,44.3125,44.46875,27.624657
1994/7/1,44.6875,44.6875,44.375,44.5625,27.682888
1994/7/5,44.65625,44.859375,44.515625,44.796875,27.828495
1994/7/6,44.625,44.8125,44.46875,44.734375,27.78968
1994/7/7,44.734375,44.921875,44.6875,44.921875,27.906151
1994/7/8,44.640625,44.984375,44.625,44.90625,27.896441
1994/7/11,44.9375,45.015625,44.53125,44.75,27.799395
1994/7/12,44.765625,44.828125,44.515625,44.8125,27.838194
1994/7/13,44.828125,45.03125,44.828125,44.890625,27.886745
1994/7/14,45.109375,45.46875,45.078125,45.375,28.187632
1994/7/15,45.34375,45.484375,45.328125,45.390625,28.197365
1994/7/18,45.390625,45.578125,45.390625,45.46875,28.245882
1994/7/19,45.546875,45.5625,45.375,45.375,28.187632
1994/7/20,45.40625,45.40625,45.0625,45.171875,28.061453
1994/7/21,45.171875,45.296875,45.078125,45.265625,28.119699
1994/7/22,45.375,45.40625,45.25,45.34375,28.168224
1994/7/25,45.359375,45.453125,45.3125,45.40625,28.207052
1994/7/26,45.390625,45.421875,45.3125,45.359375,28.177919
1994/7/27,45.359375,45.359375,45.171875,45.359375,28.177919
1994/7/28,45.359375,45.578125,45.359375,45.453125,28.236172
1994/7/29,45.765625,46.046875,45.75,45.90625,28.517664
1994/8/1,45.9375,46.15625,45.890625,46.125,28.653543
1994/8/2,46.28125,46.375,46.03125,46.1875,28.692385
1994/8/3,46.171875,46.234375,46.09375,46.203125,28.702076
1994/8/4,46.171875,46.21875,45.921875,45.9375,28.537071
1994/8/5,45.703125,45.84375,45.65625,45.78125,28.440008
1994/8/8,45.828125,45.9375,45.78125,45.890625,28.507946
1994/8/9,45.71875,45.96875,45.71875,45.96875,28.556488
1994/8/10,46,46.1875,45.9375,46.140625,28.663252
1994/8/11,46.03125,46.234375,45.734375,45.96875,28.556488
1994/8/12,46.046875,46.34375,46.046875,46.328125,28.779736
1994/8/15,46.375,46.484375,46.3125,46.3125,28.770033
1994/8/16,46.34375,46.6875,46.15625,46.640625,28.973858
1994/8/17,46.703125,46.734375,46.578125,46.609375,28.954462
1994/8/18,46.453125,46.5625,46.40625,46.453125,28.857382
1994/8/19,46.46875,46.515625,46.3125,46.421875,28.837967
1994/8/22,46.4375,46.4375,46.28125,46.375,28.808842
1994/8/23,46.578125,46.859375,46.515625,46.640625,28.973858
1994/8/24,46.6875,47.140625,46.671875,47.140625,29.284475
1994/8/25,47.09375,47.203125,46.890625,47.015625,29.206821
1994/8/26,47.125,47.78125,47.125,47.6875,29.624201
1994/8/29,47.8125,47.984375,47.640625,47.65625,29.604784
1994/8/30,47.640625,47.859375,47.578125,47.78125,29.682434
1994/8/31,47.703125,47.890625,47.59375,47.65625,29.604784
1994/9/1,47.5,47.53125,47.328125,47.5,29.507727
1994/9/2,47.71875,47.71875,47.21875,47.296875,29.381533
1994/9/6,47.265625,47.359375,47.125,47.3125,29.391247
1994/9/7,47.421875,47.421875,47.21875,47.265625,29.362127
1994/9/8,47.359375,47.5625,47.34375,47.5,29.507727
1994/9/9,47.03125,47.125,46.8125,47,29.197121
1994/9/12,47,47.0625,46.78125,46.859375,29.109753
1994/9/13,46.953125,47.125,46.859375,47,29.197121
1994/9/14,46.84375,47.109375,46.84375,47.046875,29.226227
1994/9/15,47.171875,47.640625,47.171875,47.640625,29.595074
1994/9/16,47,47.140625,46.84375,47.015625,29.384464
1994/9/19,47.125,47.328125,47.015625,47.0625,29.413746
1994/9/20,46.8125,46.859375,46.171875,46.171875,28.857119
1994/9/21,46.3125,46.3125,45.734375,46.171875,28.857119
1994/9/22,46.28125,46.28125,46.015625,46.0625,28.788748
1994/9/23,46.078125,46.171875,45.828125,45.90625,28.691109
1994/9/26,46.078125,46.171875,45.984375,46.140625,28.837582
1994/9/27,46.140625,46.265625,46,46.109375,28.818071
1994/9/28,46.359375,46.53125,46.328125,46.46875,29.042662
1994/9/29,46.46875,46.46875,46.09375,46.234375,28.896191
1994/9/30,46.21875,46.4375,46.171875,46.171875,28.857119
1994/10/3,46.203125,46.25,45.984375,46.0625,28.788748
1994/10/4,46.296875,46.296875,45.34375,45.375,28.359068
1994/10/5,45.296875,45.390625,45,45.390625,28.36886
1994/10/6,45.421875,45.453125,45.171875,45.25,28.280951
1994/10/7,45.25,45.578125,45.203125,45.453125,28.407904
1994/10/10,45.65625,46.015625,45.640625,45.9375,28.710642
1994/10/11,46.140625,46.75,46.140625,46.625,29.140305
1994/10/12,46.6875,46.75,46.578125,46.6875,29.17938
1994/10/13,47.21875,47.328125,46.796875,46.84375,29.277025
1994/10/14,47,47.0625,46.6875,47.046875,29.403982
1994/10/17,47,47.0625,46.90625,46.953125,29.345404
1994/10/18,46.90625,46.90625,46.6875,46.84375,29.277025
1994/10/19,46.671875,47.234375,46.65625,47.0625,29.413746
1994/10/20,47.0625,47.0625,46.609375,46.75,29.218433
1994/10/21,46.625,46.6875,46.359375,46.5625,29.101257
1994/10/24,46.578125,46.765625,46.15625,46.171875,28.857119
1994/10/25,46.015625,46.3125,46,46.21875,28.886408
1994/10/26,46.390625,46.4375,46.171875,46.390625,28.993841
1994/10/27,46.5625,46.671875,46.453125,46.671875,29.169613
1994/10/28,46.765625,47.703125,46.765625,47.65625,29.784834
1994/10/31,47.546875,47.59375,47.46875,47.484375,29.67741
1994/11/1,47.28125,47.28125,46.9375,46.953125,29.345404
1994/11/2,46.8125,47.234375,46.6875,46.6875,29.17938
1994/11/3,46.84375,47.015625,46.78125,46.9375,29.33563
1994/11/4,47.15625,47.15625,46.328125,46.328125,28.954777
1994/11/7,46.4375,46.59375,46.3125,46.46875,29.042662
1994/11/8,46.625,46.984375,46.546875,46.828125,29.267267
1994/11/9,47.328125,47.328125,46.5,46.90625,29.316101
1994/11/10,46.9375,47.03125,46.546875,46.578125,29.111025
1994/11/11,46.515625,46.5625,46.28125,46.40625,29.003613
1994/11/14,46.609375,46.859375,46.609375,46.84375,29.277025
1994/11/15,46.796875,47.09375,46.328125,46.6875,29.17938
1994/11/16,46.765625,46.84375,46.609375,46.84375,29.277025
1994/11/17,46.875,46.875,46.34375,46.53125,29.08172
1994/11/18,46.546875,46.625,46.265625,46.46875,29.042662
1994/11/21,46.4375,46.578125,46,46,28.749701
1994/11/22,45.828125,46,45,45,28.12471
1994/11/23,45.03125,45.265625,44.609375,45.25,28.280951
1994/11/25,45.28125,45.53125,45.28125,45.46875,28.417675
1994/11/28,45.453125,45.6875,45.34375,45.671875,28.544619
1994/11/29,45.65625,45.75,45.5,45.65625,28.534857
1994/11/30,45.890625,45.953125,45.59375,45.59375,28.495794
1994/12/1,45.640625,45.640625,45.046875,45.140625,28.212595
1994/12/2,45.046875,45.5625,45.046875,45.5625,28.476259
1994/12/5,45.65625,45.8125,45.5,45.609375,28.505547
1994/12/6,45.4375,45.65625,45.359375,45.640625,28.525089
1994/12/7,45.359375,45.5,45.265625,45.3125,28.320017
1994/12/8,45.5,45.5625,44.75,44.875,28.046577
1994/12/9,44.875,45.078125,44.6875,45.046875,28.154007
1994/12/12,44.953125,45.34375,44.953125,45.34375,28.339548
1994/12/13,45.3125,45.53125,45.3125,45.515625,28.446981
1994/12/14,45.453125,45.953125,45.453125,45.75,28.593454
1994/12/15,45.8125,46.03125,45.8125,45.890625,28.681334
1994/12/16,45.671875,45.84375,45.625,45.75,28.821434
1994/12/19,45.75,45.84375,45.609375,45.8125,28.860796
1994/12/20,45.859375,45.890625,45.671875,45.671875,28.772207
1994/12/21,45.703125,46.265625,45.703125,46.15625,29.077364
1994/12/22,46.15625,46.203125,45.96875,46.015625,28.988777
1994/12/23,45.984375,46.171875,45.984375,46.0625,29.018288
1994/12/27,46.21875,46.40625,46.1875,46.3125,29.175787
1994/12/28,46.359375,46.359375,45.96875,46.078125,29.028133
1994/12/29,46.25,46.25,46.0625,46.109375,29.047842
1994/12/30,46.203125,46.25,45.5625,45.5625,28.70331
1995/1/3,45.703125,45.84375,45.6875,45.78125,28.841124
1995/1/4,45.984375,46,45.75,46,28.978922
1995/1/5,46.03125,46.109375,45.953125,46,28.978922
1995/1/6,46.09375,46.25,45.90625,46.046875,29.008436
1995/1/9,46.03125,46.09375,46,46.09375,29.038006
1995/1/10,46.203125,46.390625,46.140625,46.140625,29.067511
1995/1/11,46.296875,46.296875,45.8125,46.171875,29.087204
1995/1/12,46.125,46.21875,46.03125,46.1875,29.097054
1995/1/13,46.4375,46.734375,46.375,46.734375,29.441566
1995/1/16,46.71875,47.03125,46.71875,47.015625,29.618755
1995/1/17,46.921875,47.0625,46.859375,47.03125,29.628597
1995/1/18,47,47.078125,46.875,46.984375,29.599068
1995/1/19,46.828125,46.875,46.6875,46.71875,29.431711
1995/1/20,46.65625,46.671875,46.453125,46.546875,29.323441
1995/1/23,46.234375,46.6875,46.203125,46.6875,29.412033
1995/1/24,46.671875,46.75,46.640625,46.75,29.451399
1995/1/25,46.515625,47.046875,46.515625,46.875,29.530157
1995/1/26,46.84375,46.984375,46.75,46.921875,29.559683
1995/1/27,47.234375,47.234375,46.921875,47.109375,29.677803
1995/1/30,47.015625,47.046875,46.84375,46.90625,29.549843
1995/1/31,47,47.171875,46.921875,47.09375,29.667967
1995/2/1,47.15625,47.328125,47,47.078125,29.658125
1995/2/2,47.0625,47.359375,47.0625,47.359375,29.835297
1995/2/3,47.65625,48.109375,47.578125,48.03125,30.25857
1995/2/6,48.015625,48.375,47.96875,48.234375,30.38653
1995/2/7,48.3125,48.3125,48.140625,48.296875,30.425911
1995/2/8,48.234375,48.46875,48.203125,48.296875,30.425911
1995/2/9,48.21875,48.296875,48.125,48.296875,30.425911
1995/2/10,48.234375,48.359375,48.09375,48.359375,30.465277
1995/2/13,48.328125,48.46875,48.328125,48.375,30.475132
1995/2/14,48.53125,48.53125,48.25,48.4375,30.514475
1995/2/15,48.4375,48.765625,48.390625,48.703125,30.681831
1995/2/16,48.640625,48.6875,48.5,48.640625,30.642462
1995/2/17,48.59375,48.625,48.4375,48.453125,30.52434
1995/2/21,48.453125,48.53125,48.421875,48.4375,30.514475
1995/2/22,48.484375,48.796875,48.453125,48.796875,30.740896
1995/2/23,48.984375,49.15625,48.859375,48.875,30.790117
1995/2/24,48.9375,49.015625,48.8125,49,30.868856
1995/2/27,48.859375,49,48.53125,48.609375,30.622763
1995/2/28,48.5625,49.015625,48.5625,49.015625,30.878702
1995/3/1,48.96875,49.03125,48.65625,48.703125,30.681831
1995/3/2,48.6875,48.765625,48.546875,48.765625,30.721201
1995/3/3,48.609375,48.78125,48.484375,48.78125,30.731054
1995/3/6,48.453125,48.8125,48.390625,48.8125,30.750736
1995/3/7,48.640625,48.75,48.21875,48.4375,30.514475
1995/3/8,48.515625,48.625,48.34375,48.5625,30.593231
1995/3/9,48.546875,48.59375,48.421875,48.546875,30.583416
1995/3/10,48.59375,49.390625,48.53125,49.265625,31.036194
1995/3/13,49.234375,49.390625,49.171875,49.21875,31.006668
1995/3/14,49.359375,49.640625,49.359375,49.578125,31.233055
1995/3/15,49.5,49.578125,49.296875,49.484375,31.173988
1995/3/16,49.4375,49.8125,49.4375,49.78125,31.361023
1995/3/17,49.4375,49.625,49.40625,49.5625,31.392218
1995/3/20,49.625,49.625,49.46875,49.5625,31.392218
1995/3/21,49.5625,49.875,49.359375,49.4375,31.31304
1995/3/22,49.53125,49.53125,49.328125,49.484375,31.342737
1995/3/23,49.421875,49.65625,49.359375,49.515625,31.362532
1995/3/24,49.671875,50.21875,49.671875,50.21875,31.80789
1995/3/27,50.296875,50.421875,50.171875,50.421875,31.93655
1995/3/28,50.296875,50.421875,50.234375,50.421875,31.93655
1995/3/29,50.375,50.890625,50.125,50.40625,31.926626
1995/3/30,50.515625,50.515625,50.109375,50.3125,31.86726
1995/3/31,49.921875,50.171875,49.546875,50.109375,31.7386
1995/4/3,50.09375,50.234375,50.0625,50.234375,31.81777
1995/4/4,50.25,50.5625,50.25,50.5625,32.025593
1995/4/5,50.453125,50.609375,50.421875,50.5625,32.025593
1995/4/6,50.6875,50.796875,50.59375,50.75,32.144375
1995/4/7,50.859375,50.859375,50.46875,50.703125,32.11467
1995/4/10,50.625,50.796875,50.59375,50.796875,32.174061
1995/4/11,50.921875,50.9375,50.59375,50.625,32.065197
1995/4/12,50.703125,50.796875,50.609375,50.796875,32.174061
1995/4/13,50.890625,51.09375,50.859375,51.078125,32.352188
1995/4/17,51.265625,51.3125,50.625,50.78125,32.16415
1995/4/18,50.828125,50.828125,50.484375,50.609375,32.055313
1995/4/19,50.609375,50.71875,50.296875,50.5625,32.025593
1995/4/20,50.703125,50.78125,50.4375,50.640625,32.075089
1995/4/21,50.65625,50.90625,50.65625,50.890625,32.233425
1995/4/24,50.859375,51.484375,50.859375,51.484375,32.609505
1995/4/25,51.40625,51.484375,51.3125,51.34375,32.520439
1995/4/26,51.25,51.421875,51.125,51.390625,32.55014
1995/4/27,51.3125,51.546875,51.28125,51.515625,32.629303
1995/4/28,51.5,51.671875,51.171875,51.59375,32.67878
1995/5/1,51.546875,51.65625,51.453125,51.453125,32.589722
1995/5/2,51.5,51.640625,51.390625,51.5625,32.658997
1995/5/3,51.734375,52.28125,51.734375,52.28125,33.114231
1995/5/4,52.34375,52.6875,52.125,52.25,33.094448
1995/5/5,52.46875,52.46875,52.078125,52.1875,33.054867
1995/5/8,52.140625,52.734375,52.09375,52.5625,33.292397
1995/5/9,52.78125,52.84375,52.4375,52.515625,33.262691
1995/5/10,52.65625,52.671875,52.328125,52.578125,33.302273
1995/5/11,52.65625,52.71875,52.484375,52.71875,33.391361
1995/5/12,52.515625,52.875,52.5,52.75,33.411133
1995/5/15,52.890625,53,52.78125,53,33.569481
1995/5/16,52.984375,53.15625,52.890625,53.03125,33.589291
1995/5/17,53.03125,53.046875,52.78125,52.828125,33.460625
1995/5/18,52.734375,52.765625,52.0625,52.0625,32.975666
1995/5/19,51.984375,52.1875,51.90625,52.09375,32.995472
1995/5/22,52.265625,52.75,52.234375,52.671875,33.361652
1995/5/23,52.765625,53.15625,52.609375,53.15625,33.668442
1995/5/24,53.25,53.421875,52.796875,53.125,33.648655
1995/5/25,52.96875,53.21875,52.71875,53.171875,33.678337
1995/5/26,52.96875,52.984375,52.359375,52.5625,33.292397
1995/5/30,52.6875,52.828125,52.375,52.546875,33.282482
1995/5/31,52.453125,53.640625,52.453125,53.640625,33.975254
1995/6/1,53.40625,53.90625,53.25,53.5,33.886166
1995/6/2,53.28125,53.921875,53.09375,53.546875,33.915894
1995/6/5,53.546875,54.046875,53.5,53.875,34.123707
1995/6/6,53.828125,54.015625,53.78125,53.78125,34.064327
1995/6/7,53.671875,53.703125,53.4375,53.5,33.886166
1995/6/8,53.484375,53.640625,53.375,53.375,33.807022
1995/6/9,53.265625,53.328125,52.75,53.0625,33.60907
1995/6/12,53.234375,53.578125,53.203125,53.359375,33.797104
1995/6/13,53.609375,53.96875,53.5625,53.9375,34.163292
1995/6/14,53.859375,53.953125,53.6875,53.890625,34.133598
1995/6/15,53.96875,54.234375,53.875,54.125,34.282055
1995/6/16,53.703125,53.96875,53.703125,53.96875,34.383823
1995/6/19,54.125,54.609375,54.09375,54.578125,34.772064
1995/6/20,54.421875,54.609375,54.390625,54.4375,34.682476
1995/6/21,54.609375,54.65625,54.40625,54.40625,34.66256
1995/6/22,54.640625,55.15625,54.640625,55.125,35.12048
1995/6/23,55,55.03125,54.84375,55.015625,35.050785
1995/6/26,54.859375,54.953125,54.359375,54.359375,34.632706
1995/6/27,54.34375,54.703125,54.21875,54.25,34.563007
1995/6/28,54.25,54.75,54.078125,54.53125,34.742199
1995/6/29,54.53125,54.671875,54.0625,54.4375,34.682476
1995/6/30,54.546875,54.734375,54.296875,54.40625,34.66256
1995/7/3,54.46875,54.609375,54.46875,54.609375,34.791977
1995/7/5,54.765625,55.0625,54.640625,54.8125,34.921375
1995/7/6,54.828125,55.515625,54.71875,55.515625,35.369331
1995/7/7,55.40625,55.78125,55.375,55.765625,35.528622
1995/7/10,55.8125,55.953125,55.703125,55.796875,35.548534
1995/7/11,55.75,55.796875,55.453125,55.53125,35.379284
1995/7/12,55.640625,56.3125,55.53125,56.21875,35.817295
1995/7/13,56.140625,56.265625,56.03125,56.09375,35.737671
1995/7/14,55.796875,56.09375,55.75,56.046875,35.707794
1995/7/17,56.125,56.421875,56.078125,56.359375,35.906914
1995/7/18,56.265625,56.265625,55.828125,55.875,35.598278
1995/7/19,55.65625,55.71875,54.203125,55.265625,35.210072
1995/7/20,55.328125,55.578125,55.03125,55.46875,35.339485
1995/7/21,55.421875,55.625,55.1875,55.40625,35.299664
1995/7/24,55.484375,55.875,55.484375,55.8125,35.558472
1995/7/25,55.875,56.3125,55.703125,56.234375,35.827278
1995/7/26,56.203125,56.46875,56.171875,56.1875,35.797409
1995/7/27,56.453125,56.703125,56.453125,56.65625,36.096054
1995/7/28,56.703125,56.703125,56.25,56.296875,35.867077
1995/7/31,56.34375,56.390625,56.03125,56.15625,35.777496
1995/8/1,56.234375,56.234375,55.75,56.0625,35.717758
1995/8/2,56.390625,56.796875,55.84375,55.9375,35.638119
1995/8/3,55.546875,55.953125,55.453125,55.921875,35.628178
1995/8/4,56.03125,56.078125,55.921875,55.984375,35.667992
1995/8/7,56.109375,56.28125,56.078125,56.109375,35.747616
1995/8/8,56.140625,56.3125,55.9375,56.109375,35.747616
1995/8/9,56.296875,56.296875,56.046875,56.09375,35.737671
1995/8/10,56.15625,56.28125,55.734375,55.96875,35.658031
1995/8/11,55.921875,55.984375,55.421875,55.65625,35.458939
1995/8/14,55.796875,56.15625,55.671875,56.15625,35.777496
1995/8/15,56.140625,56.140625,55.65625,56.046875,35.707794
1995/8/16,56,56.203125,55.9375,56.203125,35.807358
1995/8/17,56.234375,56.234375,55.90625,56.109375,35.747616
1995/8/18,56.390625,56.40625,56.125,56.171875,35.787441
1995/8/21,56.40625,56.640625,56,56.015625,35.687904
1995/8/22,56.09375,56.21875,55.8125,56.125,35.757587
1995/8/23,56.171875,56.203125,55.921875,55.921875,35.628178
1995/8/24,55.9375,56.09375,55.75,55.984375,35.667992
1995/8/25,56.078125,56.390625,56.078125,56.296875,35.867077
1995/8/28,56.453125,56.453125,56,56.09375,35.737671
1995/8/29,56.15625,56.25,55.765625,56.234375,35.827278
1995/8/30,56.28125,56.421875,56.21875,56.359375,35.906914
1995/8/31,56.34375,56.5,56.296875,56.40625,35.936768
1995/9/1,56.390625,56.75,56.34375,56.65625,36.096054
1995/9/5,56.828125,57.21875,56.734375,57.1875,36.434509
1995/9/6,57.234375,57.359375,57.21875,57.296875,36.5042
1995/9/7,57.359375,57.390625,57.25,57.328125,36.524094
1995/9/8,57.546875,57.546875,57.171875,57.546875,36.663456
1995/9/11,57.640625,57.8125,57.640625,57.703125,36.763016
1995/9/12,57.71875,57.96875,57.578125,57.96875,36.932243
1995/9/13,57.90625,58.3125,57.890625,58.234375,37.101486
1995/9/14,58.4375,58.8125,58.28125,58.765625,37.439941
1995/9/15,58.40625,58.578125,58.203125,58.4375,37.429604
1995/9/18,58.234375,58.265625,57.9375,58.21875,37.289501
1995/9/19,58.328125,58.53125,58.125,58.5,37.469639
1995/9/20,58.59375,58.78125,58.546875,58.78125,37.649788
1995/9/21,58.703125,58.75,58.0625,58.296875,37.339546
1995/9/22,57.828125,58.375,57.78125,58.3125,37.349545
1995/9/25,58.375,58.375,58.015625,58.21875,37.289501
1995/9/26,58.390625,58.53125,58.0625,58.203125,37.279495
1995/9/27,57.953125,58.1875,57.59375,58.15625,37.249474
1995/9/28,58.203125,58.59375,58.15625,58.59375,37.529678
1995/9/29,58.546875,58.90625,58.40625,58.484375,37.459637
1995/10/2,58.484375,58.625,58.046875,58.1875,37.269489
1995/10/3,58.1875,58.34375,57.953125,58.25,37.309525
1995/10/4,58.28125,58.28125,58.109375,58.1875,37.269489
1995/10/5,58.25,58.359375,58.09375,58.359375,37.379566
1995/10/6,58.390625,58.578125,58.390625,58.40625,37.409584
1995/10/9,58.1875,58.21875,57.8125,57.921875,37.099339
1995/10/10,57.328125,57.890625,57.265625,57.890625,37.079327
1995/10/11,58.09375,58.09375,57.875,58.078125,37.199436
1995/10/12,58.125,58.46875,58.125,58.4375,37.429604
1995/10/13,58.703125,58.859375,58.625,58.625,37.549717
1995/10/16,58.453125,58.5625,58.34375,58.34375,37.369553
1995/10/17,58.40625,58.796875,58.296875,58.734375,37.619747
1995/10/18,59.015625,59.09375,58.71875,58.90625,37.729851
1995/10/19,58.875,59.1875,58.796875,59.1875,37.910004
1995/10/20,59.140625,59.1875,58.828125,58.828125,37.679813
1995/10/23,58.546875,58.8125,58.546875,58.703125,37.599739
1995/10/24,58.78125,58.84375,58.625,58.765625,37.639778
1995/10/25,58.8125,58.890625,58.28125,58.28125,37.329533
1995/10/26,58.375,58.421875,57.28125,57.75,36.989262
1995/10/27,57.6875,58.1875,57.421875,58.1875,37.269489
1995/10/30,58.328125,58.59375,58.328125,58.5625,37.509659
1995/10/31,58.71875,58.84375,58.3125,58.3125,37.349545
1995/11/1,58.28125,58.78125,58.234375,58.78125,37.649788
1995/11/2,58.6875,59.15625,58.6875,59.15625,37.88998
1995/11/3,59.234375,59.25,59.0625,59.234375,37.939995
1995/11/6,59.21875,59.21875,59.015625,59.03125,37.809902
1995/11/7,59,59,58.625,58.8125,37.669804
1995/11/8,58.890625,59.375,58.890625,59.34375,38.010063
1995/11/9,59.578125,59.578125,59.28125,59.5625,38.150177
1995/11/10,59.234375,59.609375,59.21875,59.53125,38.13018
1995/11/13,59.421875,59.65625,59.3125,59.46875,38.090141
1995/11/14,59.359375,59.484375,59.078125,59.078125,37.839935
1995/11/15,59.140625,59.6875,59.109375,59.671875,38.220242
1995/11/16,59.671875,60.0625,59.65625,60,38.430393
1995/11/17,60.09375,60.203125,60.015625,60.1875,38.550491
1995/11/20,60.28125,60.296875,59.859375,59.875,38.350327
1995/11/21,59.9375,60.359375,59.921875,60.359375,38.660583
1995/11/22,60.3125,60.375,60.171875,60.171875,38.540482
1995/11/24,60.234375,60.328125,60.1875,60.328125,38.640594
1995/11/27,60.453125,60.640625,60.34375,60.34375,38.650566
1995/11/28,60.296875,60.984375,60.15625,60.984375,39.060913
1995/11/29,61.09375,61.09375,60.84375,61.046875,39.100937
1995/11/30,61.046875,61.203125,60.84375,60.90625,39.010868
1995/12/1,60.984375,61.078125,60.84375,60.984375,39.060913
1995/12/4,61.125,61.734375,61.046875,61.734375,39.541294
1995/12/5,61.671875,62.203125,61.625,62.140625,39.801487
1995/12/6,62.296875,62.53125,62,62.28125,39.891529
1995/12/7,62.203125,62.28125,61.90625,61.953125,39.681396
1995/12/8,62.21875,62.234375,61.765625,62.15625,39.811504
1995/12/11,62.28125,62.546875,62.15625,62.421875,39.981625
1995/12/12,62.140625,62.359375,62.140625,62.234375,39.861538
1995/12/13,62.3125,62.703125,62.3125,62.625,40.111732
1995/12/14,62.6875,62.796875,62.015625,62.171875,39.821499
1995/12/15,61.875,61.875,61.59375,61.8125,39.836086
1995/12/18,61.265625,61.265625,60.609375,60.625,39.070766
1995/12/19,60.65625,61.34375,60.578125,61.265625,39.483639
1995/12/20,61.453125,61.515625,60.671875,60.671875,39.100998
1995/12/21,61.03125,61.171875,60.75,60.984375,39.302395
1995/12/22,61.3125,61.375,61.140625,61.203125,39.443371
1995/12/26,61.453125,61.53125,61.328125,61.5,39.634674
1995/12/27,61.65625,61.65625,61.359375,61.46875,39.61454
1995/12/28,61.34375,61.65625,61.25,61.40625,39.574284
1995/12/29,61.46875,61.53125,61.25,61.484375,39.624615
